{
  "dimension": 128,
  "state_count": 2,
  "initial": [0, 0, 0, 1, 1, 1],
  "params": {
    "fa": 0.1,
    "fb": 5.0,
    "max_iters": 4,
    "init_smoothing": 2.0,
    "loop_prob": 0.85
  },
  "sparse_features": [
    [[0, 0.36], [1, -0.18], [2, 0.08], [5, -0.04]],
    [[0, 0.29], [1, -0.11], [3, 0.13], [6, -0.05]],
    [[0, 0.08], [1, 0.1], [2, -0.08], [7, 0.09]],
    [[0, -0.16], [1, 0.24], [4, 0.18], [8, -0.07]],
    [[0, -0.28], [1, 0.31], [2, -0.03], [9, 0.06]],
    [[0, -0.33], [1, 0.22], [3, -0.11], [10, 0.05]]
  ],
  "mixture_gamma": [
    [0.49788103865922434, 0.5021189613407744],
    [0.4978808671823893, 0.5021191328176122],
    [0.4978803896108608, 0.50211961038914],
    [0.4978799923621811, 0.5021200076378182],
    [0.4978799191608614, 0.5021200808391382],
    [0.49788010920013165, 0.5021198907998685]
  ],
  "hmm_gamma": [
    [0.2821226639467463, 0.7178773360532537],
    [0.26430062653051595, 0.735699373469484],
    [0.25568823721860556, 0.7443117627813944],
    [0.25567761750242507, 0.7443223824975749],
    [0.26427307514370907, 0.735726924856291],
    [0.2820888427400433, 0.7179111572599567]
  ]
}
